"sample_id","C14.0","C16.0","C18.0","C16.1n.9","C16.1n.7","C18.1n.9","C18.1n.7","C20.1n.9","C20.3n.9","C18.2n.6","C18.3n.6","C20.2n.6","C20.3n.6","C20.4n.6","C22.4n.6","C22.5n.6","C18.3n.3","C20.3n.3","C20.5n.3","C22.5n.3","C22.6n.3"
"mouse_01",0.29266961396282,3.31236616795554,2.41769790009455,0.300104592450338,1.41098697371026,2.88926002904347,1.22671229129543,0.231111720963387,0,2.29556047805708,0,0,0.576613364303994,1.4036429994545,0,0,1.94161522477243,0.314810739840034,2.26384426467762,1.01160091167848,2.43273577745909
"mouse_02",0.322083499169113,3.2204745462319,2.39151130218845,0.438254930931155,1.26412672714568,3.0478502278161,1.59330853050422,0.207014169384326,0,2.77133794033813,0.262364264467491,0.262364264467491,0.970778917158225,2.79361608943186,0.457424847038875,1.1314021114911,0,0,0,0.392042087776024,1.28370777234479
"mouse_03",0.307484699747961,3.20680324363393,2.29857707159651,0.438254930931155,1.2947271675944,3.17345996133772,1.60140574073684,0.231111720963387,0.173953307123438,2.83673654206353,0.2390169004705,0.285178942233662,0.920282753143693,2.65815943148875,0.431782416425538,1.01884732019925,0,0,0,0.198850858745165,1.25561603747777
"mouse_04",0.198850858745165,3.27638973106881,2.21266038546606,0.398776119957368,1.34025042261848,3.13200989184654,1.25846098961001,0,0,2.70068984669592,0,0,0.741937344729377,1.59330853050422,0,0,0.398776119957368,0,1.38379123090177,0.712949807856125,2.77196352684586
"mouse_05",0.314810739840034,3.25037449192757,2.36368019235386,0.378436435720245,1.34807314829969,3.10816770288378,1.37624402526639,0.262364264467491,0.2390169004705,2.74406063862524,0.2390169004705,0.207014169384326,0.947789398933526,2.55334381134123,0.277631736598279,0.364643113587909,0.350656871613169,0,0.262364264467491,0.300104592450338,2.03992078351755
"mouse_06",0.993251773010283,3.29731725117476,2.02683159140754,0.506817602368452,2.11142458753289,3.37519557912315,2.30158459266046,0.307484699747961,1.35840915763035,1.49738840862548,1.29746314741327,0,0.593326845277734,1.80664808172181,0,0.444685821261446,0,0,0,1.14103300455206,1.26976054486394
"mouse_07",0.300104592450338,3.29361217098222,2.36837283353205,0.307484699747961,1.52605630349505,2.92423627184892,1.14740245283754,0.22314355131421,0,2.27521389619791,0,0,0.518793793415168,1.27256559579155,0,0,2.24070968927596,0.350656871613169,2.12465388450138,1.11514159061932,2.3832429960115
"mouse_08",0.29266961396282,3.38878736158547,2.39333945626251,0.254642218373581,1.45161382724053,2.89148225218019,1.0952733874026,0.27002713721306,0,2.16905370036952,0,0,0.542324290825362,1.29198368164865,0,0,1.9473377010465,0.3293037471426,2.19277022698684,1.20297230399235,2.43361335540045
"mouse_09",0.198850858745165,3.27108869631514,2.28340227357727,0.364643113587909,1.21194097397511,2.96475746925456,1.03318448334565,0,0,2.81241021642645,0,0,0.727548607277278,1.65441127807683,0,0,0.438254930931155,0,1.41827740697294,0.974559639998131,2.8541687092322
"mouse_10",0.867100487683383,3.38405122282718,1.89160480419777,0.641853886172395,2.08069076108027,3.62912944970816,2.287471455184,0.19062035960865,1.10856261952128,1.19694818938897,0,0,0.46373401623214,1.54115907168081,0,0.3293037471426,0,0,0,0,1.05082162483176
"mouse_11",0.231111720963387,3.28578653015083,2.23001440015921,0.357674444271816,1.31908561142644,3.12456514539696,1.29198368164865,0,0,2.61300665241532,0,0,0.717839793150317,1.55814461804655,0,0,0.357674444271816,0,1.3609765531356,0.770108221696074,2.84549061022345
"mouse_12",0.364643113587909,3.23001356927866,2.26488322581003,0.425267735404344,1.4655675420144,3.21326008608257,1.39128190263093,0.231111720963387,0.182321556793955,2.77383794164021,0.207014169384326,0.19062035960865,0.841567185678219,2.42480272571829,0.2390169004705,0.254642218373581,0.425267735404344,0,0.22314355131421,0.357674444271816,2.02946317187359
"mouse_13",0.277631736598279,3.24376354037598,2.39698576841553,0.371563556432483,1.22082992139236,2.94074796522123,1.50185270175416,0.2390169004705,0.19062035960865,2.81780106506133,0.246860077931526,0.307484699747961,0.970778917158225,2.81899509505394,0.542324290825362,1.25846098961001,0,0,0,0,1.45161382724053
"mouse_14",0.29266961396282,3.29731725117476,2.38047163165112,0.300104592450338,1.21194097397511,3.05116698044209,1.20297230399235,0.231111720963387,0.198850858745165,2.80517691183293,0.262364264467491,0.173953307123438,0.86288995514704,2.54631527791664,0.27002713721306,0.371563556432483,0.431782416425538,0,0.207014169384326,0.371563556432483,2.08442908319088
"mouse_15",0.300104592450338,3.24882290123615,2.33988087773774,0.431782416425538,1.24415459395877,3.02819946369149,1.61342993370364,0.198850858745165,0.173953307123438,2.81241021642645,0.385262400790645,0.300104592450338,0.955511445027436,2.77695417974942,0.506817602368452,1.06125650212434,0,0,0,0,1.31103187661934
"mouse_16",0.215111379616945,3.31273040033983,2.48240351956988,0.27002713721306,1.33762918913861,2.75302356674494,1.05779029414785,0.27002713721306,0,2.33988087773774,0,0,0.576613364303994,1.41585316336144,0,0,1.97685495290473,0.314810739840034,2.3494686788929,1.10194007876078,2.48156774852249
"mouse_17",0.792992515529661,3.19663021592088,1.88555334851442,0.512823626428664,1.98924327376169,3.5507661519843,2.25758772706331,0.385262400790645,1.26412672714568,1.32707500145992,1.80335860507141,0,0.512823626428664,1.5830939370945,0,0.357674444271816,0,0,0,1.27536280041261,1.0952733874026
"mouse_18",0.262364264467491,3.42491390827947,2.2975725511705,0.371563556432483,1.35066718347674,2.93332481342537,1.10194007876078,0,0,2.5564518169511,0,0,0.693147180559945,1.57484646766448,0,0,0,0,1.33236601909433,0.732367893713227,2.90962957450058
"mouse_19",0.832909122935104,3.3322045101752,1.90508815453506,0.593326845277734,2.18154676461699,3.54095932403731,2.3869262414278,0,1.14103300455206,1.51732262352629,0,0,0.598836501088704,1.78507048107726,0,0,0,0,0,0,1.23547147138531
"mouse_20",0.322083499169113,3.22246936037833,2.2213750375685,0.470003629245736,1.58719230348678,3.24298290021143,1.58719230348678,0.2390169004705,0.2390169004705,2.67690347210537,0.215111379616945,0.207014169384326,0.89199803930511,2.45100509811232,0.27002713721306,0.307484699747961,0.357674444271816,0,0.300104592450338,0.27002713721306,1.94161522477243
"mouse_21",1.44456326924387,3.2023398562281,1.30291275218084,0.746687947487975,2.64546532591059,3.60032142713214,2.51850259921652,0.314810739840034,0.198850858745165,1.89461685466776,0.157003748809665,0.048790164169432,0.182321556793955,0.936093359170335,0,0.157003748809665,0.0861776962410523,0,0.139761942375159,0,0.494696241836107
"mouse_22",0.470003629245736,3.04213864636815,1.43031124653666,0.792992515529661,1.7732559976635,3.60848251704191,1.71918877639322,0.262364264467491,0.0676586484738148,3.09557760852371,0.343589704390077,0.27002713721306,0.425267735404344,1.38128181929635,0.165514438477573,0.0769610411361283,0.693147180559945,0.0676586484738148,0.22314355131421,0.215111379616945,1.15057202759882
"mouse_23",0.322083499169113,2.92530980925744,2.07819075977818,0.553885113226438,1.27536280041261,3.10144272797611,1.34807314829969,0.231111720963387,0,3.53046971736629,0.506817602368452,0.476234178996372,0.553885113226438,2.2690283094652,0.500775287912489,0.683096844706444,0.0953101798043249,0,0.0861776962410523,0,0.993251773010283
"mouse_24",0.364643113587909,3.16674007044767,1.74221902366792,0.559615787935423,1.18478998490916,3.26193531432865,1.0681530811834,0.322083499169113,0,3.16336311493794,0,0.2390169004705,0.322083499169113,0.819779831493311,0,0.19062035960865,0.770108221696074,0,1.15373158788919,1.11185751541813,2.53051716104005
"mouse_25",0.385262400790645,2.75047091698616,1.66581824587021,0.506817602368452,1.35583515363518,3.18428438009858,1.34807314829969,0.371563556432483,0.0676586484738148,3.71405975264423,0.615185639090233,0.60431596685333,0.712949807856125,1.74396880539171,0.548121408509688,0.756121979721334,0.131028262406404,0,0.0676586484738148,0.0582689081239758,0.647103242058539
"mouse_26",0.494696241836107,3.06758771065442,1.31103187661934,0.73716406597672,1.61938824328727,3.67173329527897,1.80335860507141,0.231111720963387,0.0676586484738148,3.11440380327149,0.246860077931526,0.277631736598279,0.300104592450338,1.04731899428056,0.131028262406404,0.0676586484738148,0.774727167552368,0.0676586484738148,0.148420005118273,0.139761942375159,0.797507195884188
"mouse_27",0.418710334858185,2.96733279903229,1.82616089594539,0.625938430866495,1.4747630091075,3.49771894865278,1.56024766824333,0.350656871613169,0,3.21607189753547,0.277631736598279,0.0861776962410523,0.494696241836107,1.7509374747078,0.231111720963387,0.173953307123438,0.770108221696074,0,0.262364264467491,0.246860077931526,1.49065437644413
"mouse_28",0.398776119957368,2.92959247104945,1.94876321803772,0.457424847038875,1.56234630490025,3.09285898428471,1.01884732019925,0.500775287912489,0,2.69732623773923,0.0861776962410523,0.113328685307003,0.198850858745165,0.871293365943419,0.104360015324243,0,3.11351530921037,0.494696241836107,1.62924053973028,1.07840958135059,1.61342993370364
"mouse_29",0.336472236621213,3.12236492448736,1.96290772542388,0.576613364303994,1.12167756159911,3.15657479867082,1.03673688495002,0.364643113587909,0,3.13766576944266,0,0.215111379616945,0.385262400790645,1.05431202977153,0,0.173953307123438,0.837247524533702,0,1.2947271675944,1.15057202759882,2.65745841498615
"mouse_30",0.476234178996372,2.84781214347737,1.71379792775834,0.476234178996372,1.85941811770187,3.11039934853212,1.16938135955632,0.22314355131421,0,2.75684036527164,0.113328685307003,0.0953101798043249,0.198850858745165,0.924258901523332,0,0,3.11883447068797,0.392042087776024,1.5810384379124,0.936093359170335,1.69561560867515
"mouse_31",1.43270073393405,3.17429678147023,1.52605630349505,0.688134638736401,2.70136121295141,3.54240755021368,2.45444744230329,0.262364264467491,0.0676586484738148,1.86408013080768,0.165514438477573,0,0.336472236621213,1.3787660946991,0.0676586484738148,0.322083499169113,0.0676586484738148,0,0.165514438477573,0,0.770108221696074
"mouse_32",1.18172719537862,3.18924101973851,0.985816794522765,0.916290731874155,2.43185742869818,3.74313086894585,2.77446196662146,0.182321556793955,0.207014169384326,1.33236601909433,0.131028262406404,0,0.104360015324243,0.559615787935423,0,0.0676586484738148,0,0,0.0676586484738148,0,0.246860077931526
"mouse_33",0.470003629245736,3.05635689537043,1.40854497005471,0.779324876800998,1.53901544813755,3.62673805757609,1.74919985480926,0.307484699747961,0.0676586484738148,3.17513290192028,0.27002713721306,0.285178942233662,0.343589704390077,1.09861228866811,0.157003748809665,0.0676586484738148,0.837247524533702,0.0676586484738148,0.182321556793955,0.207014169384326,0.879626747502564
"mouse_34",0.431782416425538,3.05305734017326,1.70656462316482,0.536493370514568,1.51512723296286,3.2511493854185,1.56234630490025,0.3293037471426,0,3.47537677983641,0.378436435720245,0.431782416425538,0.548121408509688,1.86717610851281,0.470003629245736,0.667829372575655,0.157003748809665,0,0,0.19062035960865,0.746687947487975
"mouse_35",0.3293037471426,3.0777729838902,2.002830439308,0.536493370514568,1.15688119679209,3.22246936037833,1.04027671165515,0.336472236621213,0,3.18179681662678,0,0.215111379616945,0.336472236621213,1.06471073699243,0,0,0.896088024556636,0,1.34025042261848,1.02961941718116,2.53131302260216
"mouse_36",1.36609165380237,3.12632184325759,1.51732262352629,0.802001585472027,2.45616418092235,3.67046086858992,2.52972066557779,0.322083499169113,0.285178942233662,1.88706964903238,0.165514438477573,0.0676586484738148,0.231111720963387,1.04027671165515,0.048790164169432,0.157003748809665,0.0676586484738148,0,0.122217632724249,0.262364264467491,0.494696241836107
"mouse_37",0.488580014818671,3.11662159082944,1.60341984010854,0.598836501088704,1.81482474215905,3.27827616814965,1.43031124653666,0.285178942233662,0,2.61006979274201,0.0769610411361283,0.104360015324243,0.157003748809665,0.672944473242426,0.0582689081239758,0,2.95021175825218,0.418710334858185,1.29746314741327,0.819779831493311,1.19088756477728
"mouse_38",0.307484699747961,3.26690379387878,2.42745407503992,0.371563556432483,0.951657875711446,2.86162928903051,0.928219302739429,0.314810739840034,0,2.95751106073379,0,0.231111720963387,0.451075619360217,1.39128190263093,0,0,0.536493370514568,0,1.36353737399727,0.970778917158225,2.84954976337591
"mouse_39",0.494696241836107,2.84490938381941,1.91250108692418,0.512823626428664,1.62924053973028,3.26270130440823,1.13462272619114,0.19062035960865,0,3.09376601382536,0.19062035960865,0.122217632724249,0.131028262406404,1.04380405217311,0,0,2.73371794785079,0.215111379616945,1.19694818938897,0.683096844706444,1.5830939370945
"mouse_40",0.336472236621213,3.07731226054641,2.12823170584927,0.488580014818671,1.31372366828506,3.04309284491383,1.41827740697294,0.336472236621213,0,3.34392131384243,0.357674444271816,0.46373401623214,0.636576829071551,2.49979526228175,0.488580014818671,0.963174317773006,0,0,0.122217632724249,0,1.04027671165515
