"sample_id","outcome","stratum"
"mouse_01","lin","wt"
"mouse_02","sun","wt"
"mouse_03","sun","wt"
"mouse_04","fish","wt"
"mouse_05","ref","wt"
"mouse_06","coc","wt"
"mouse_07","lin","wt"
"mouse_08","lin","wt"
"mouse_09","fish","wt"
"mouse_10","coc","wt"
"mouse_11","fish","wt"
"mouse_12","ref","wt"
"mouse_13","sun","wt"
"mouse_14","ref","wt"
"mouse_15","sun","wt"
"mouse_16","lin","wt"
"mouse_17","coc","wt"
"mouse_18","fish","wt"
"mouse_19","coc","wt"
"mouse_20","ref","wt"
"mouse_21","coc","ppar"
"mouse_22","ref","ppar"
"mouse_23","sun","ppar"
"mouse_24","fish","ppar"
"mouse_25","sun","ppar"
"mouse_26","ref","ppar"
"mouse_27","ref","ppar"
"mouse_28","lin","ppar"
"mouse_29","fish","ppar"
"mouse_30","lin","ppar"
"mouse_31","coc","ppar"
"mouse_32","coc","ppar"
"mouse_33","ref","ppar"
"mouse_34","sun","ppar"
"mouse_35","fish","ppar"
"mouse_36","coc","ppar"
"mouse_37","lin","ppar"
"mouse_38","fish","ppar"
"mouse_39","lin","ppar"
"mouse_40","sun","ppar"
